GET,/Harvest/cgi-bin/BrokerQuery.pl.cgi?query=oms&host=titan04.ksc.nasa.gov%3A8501&caseflag=on&wordflag=on&errorflag=0&opaqueflag=on&descflag=on&verbose=on&maxresultflag=50,4
GET,/cgi-bin/BrokerQuery.pl?query=oms&host=titan04.ksc.nasa.gov%3A8501&caseflag=on&wordflag=on&errorflag=0&opaqueflag=on&descflag=on&verbose=on&maxresultflag=50,3
POST,/shuttle/missions/sts-69/mission-sts-69.html,1
POST,/ksc.html,7
GET,/cgi-bin/geturlstats.pl,53
GET,/htbin/cdt.pl,1
POST,/,2
POST,/images/getstats.gif,3
GET,/cgi-bin/BrokerQuery.pl?query=oms%04%06%06&host=titan04.ksc.nasa.gov%3A8501&caseflag=on&wordflag=on&errorflag=0&opaqueflag=on&descflag=on&verbose=on&maxresultflag=50,1
POST,/shuttle/missions/sts-70/mission-sts-70.html,1
